<?xml version="1.0" encoding="utf-8"?>
<extension version="3.2" client="site" type="language" method="upgrade">
	<name>English (United Kingdom)</name>
	<tag>cy-GB</tag>
	<version>3.2.3.1</version>
	<creationDate>2014-03-07</creationDate>
	<author>Joomla! Project</author>
	<authorEmail>admin@joomla.org</authorEmail>
	<authorUrl>www.joomla.org</authorUrl>
	<copyright>Copyright (C) 2005 - 2014 Open Source Matters. All rights reserved.</copyright>
	<license>GNU General Public License version 2 or later; see LICENSE.txt</license>
	<description>cy-GB site language</description>
	<files>
		<filename>cy-GB.com_ajax.ini</filename>
		<filename>cy-GB.com_config.ini</filename>
		<filename>cy-GB.com_contact.ini</filename>
		<filename>cy-GB.com_content.ini</filename>
		<filename>cy-GB.com_finder.ini</filename>
		<filename>cy-GB.com_mailto.ini</filename>
		<filename>cy-GB.com_media.ini</filename>
		<filename>cy-GB.com_messages.ini</filename>
		<filename>cy-GB.com_newsfeeds.ini</filename>
		<filename>cy-GB.com_search.ini</filename>
		<filename>cy-GB.com_tags.ini</filename>
		<filename>cy-GB.com_users.ini</filename>
		<filename>cy-GB.com_weblinks.ini</filename>
		<filename>cy-GB.com_wrapper.ini</filename>
		<filename>cy-GB.files_joomla.sys.ini</filename>
		<filename>cy-GB.finder_cli.ini</filename>
		<filename>cy-GB.ini</filename>
		<filename>cy-GB.lib_fof.sys.ini</filename>
		<filename>cy-GB.lib_idna_convert.sys.ini</filename>
		<filename>cy-GB.lib_joomla.ini</filename>
		<filename>cy-GB.lib_joomla.sys.ini</filename>
		<filename>cy-GB.lib_phpmailer.sys.ini</filename>
		<filename>cy-GB.lib_phputf8.sys.ini</filename>
		<filename>cy-GB.lib_simplepie.sys.ini</filename>
		<filename>cy-GB.localise.php</filename>
		<filename>cy-GB.mod_articles_archive.ini</filename>
		<filename>cy-GB.mod_articles_archive.sys.ini</filename>
		<filename>cy-GB.mod_articles_categories.ini</filename>
		<filename>cy-GB.mod_articles_categories.sys.ini</filename>
		<filename>cy-GB.mod_articles_category.ini</filename>
		<filename>cy-GB.mod_articles_category.sys.ini</filename>
		<filename>cy-GB.mod_articles_latest.ini</filename>
		<filename>cy-GB.mod_articles_latest.sys.ini</filename>
		<filename>cy-GB.mod_articles_news.ini</filename>
		<filename>cy-GB.mod_articles_news.sys.ini</filename>
		<filename>cy-GB.mod_articles_popular.ini</filename>
		<filename>cy-GB.mod_articles_popular.sys.ini</filename>
		<filename>cy-GB.mod_banners.ini</filename>
		<filename>cy-GB.mod_banners.sys.ini</filename>
		<filename>cy-GB.mod_breadcrumbs.ini</filename>
		<filename>cy-GB.mod_breadcrumbs.sys.ini</filename>
		<filename>cy-GB.mod_custom.ini</filename>
		<filename>cy-GB.mod_custom.sys.ini</filename>
		<filename>cy-GB.mod_feed.ini</filename>
		<filename>cy-GB.mod_feed.sys.ini</filename>
		<filename>cy-GB.mod_finder.ini</filename>
		<filename>cy-GB.mod_finder.sys.ini</filename>
		<filename>cy-GB.mod_footer.ini</filename>
		<filename>cy-GB.mod_footer.sys.ini</filename>
		<filename>cy-GB.mod_languages.ini</filename>
		<filename>cy-GB.mod_languages.sys.ini</filename>
		<filename>cy-GB.mod_login.ini</filename>
		<filename>cy-GB.mod_login.sys.ini</filename>
		<filename>cy-GB.mod_menu.ini</filename>
		<filename>cy-GB.mod_menu.sys.ini</filename>
		<filename>cy-GB.mod_random_image.ini</filename>
		<filename>cy-GB.mod_random_image.sys.ini</filename>
		<filename>cy-GB.mod_related_items.ini</filename>
		<filename>cy-GB.mod_related_items.sys.ini</filename>
		<filename>cy-GB.mod_search.ini</filename>
		<filename>cy-GB.mod_search.sys.ini</filename>
		<filename>cy-GB.mod_stats.ini</filename>
		<filename>cy-GB.mod_stats.sys.ini</filename>
		<filename>cy-GB.mod_syndicate.ini</filename>
		<filename>cy-GB.mod_syndicate.sys.ini</filename>
		<filename>cy-GB.mod_tags_popular.ini</filename>
		<filename>cy-GB.mod_tags_popular.sys.ini</filename>
		<filename>cy-GB.mod_tags_similar.ini</filename>
		<filename>cy-GB.mod_tags_similar.sys.ini</filename>
		<filename>cy-GB.mod_users_latest.ini</filename>
		<filename>cy-GB.mod_users_latest.sys.ini</filename>
		<filename>cy-GB.mod_weblinks.ini</filename>
		<filename>cy-GB.mod_weblinks.sys.ini</filename>
		<filename>cy-GB.mod_whosonline.ini</filename>
		<filename>cy-GB.mod_whosonline.sys.ini</filename>
		<filename>cy-GB.mod_wrapper.ini</filename>
		<filename>cy-GB.mod_wrapper.sys.ini</filename>
		<filename>cy-GB.tpl_beez3.ini</filename>
		<filename>cy-GB.tpl_beez3.sys.ini</filename>
		<filename>cy-GB.tpl_protostar.ini</filename>
		<filename>cy-GB.tpl_protostar.sys.ini</filename>
		<filename>index.html</filename>
		<filename file="meta">install.xml</filename>
		<filename file="meta">cy-GB.xml</filename>
	</files>
	<params />
</extension>